{
    "rmse": 0.7123358348756856,
    "mae": 0.5630225484973829,
    "r2": 0.18630156887742122
}