{
    "rmse": 0.7385149268198489,
    "mae": 0.5700409131602623,
    "r2": 0.25617600267888163
}